INSERT INTO music_db.Album (albumName, albumId, albumDescription, albumImage, labelId) VALUES ('Aquarium', 1, null, null, 1);
INSERT INTO music_db.Album (albumName, albumId, albumDescription, albumImage, labelId) VALUES ('Aquarius', 2, null, null, 2);
INSERT INTO music_db.Album (albumName, albumId, albumDescription, albumImage, labelId) VALUES ('The Slim Shady LP', 4, null, null, 3);
INSERT INTO music_db.Album (albumName, albumId, albumDescription, albumImage, labelId) VALUES ('
The Marhsall Mathers LP
', 5, null, null, 3);
INSERT INTO music_db.Album (albumName, albumId, albumDescription, albumImage, labelId) VALUES ('
Pika PIka Fantajin
', 10, null, null, 6);
INSERT INTO music_db.Album (albumName, albumId, albumDescription, albumImage, labelId) VALUES ('
Mondai Girl
', 11, null, null, 6);
INSERT INTO music_db.Album (albumName, albumId, albumDescription, albumImage, labelId) VALUES ('
Angels Fall First
', 12, null, null, 8);
INSERT INTO music_db.Album (albumName, albumId, albumDescription, albumImage, labelId) VALUES ('
Once
', 13, null, null, 9);
INSERT INTO music_db.Album (albumName, albumId, albumDescription, albumImage, labelId) VALUES ('
Dark Passion Play
', 15, null, null, 9);
INSERT INTO music_db.Album (albumName, albumId, albumDescription, albumImage, labelId) VALUES ('
Imaginareum
', 16, null, null, 10);
INSERT INTO music_db.Album (albumName, albumId, albumDescription, albumImage, labelId) VALUES ('Pies Descalzos', 17, null, null, 12);
INSERT INTO music_db.Album (albumName, albumId, albumDescription, albumImage, labelId) VALUES ('The Remixes', 18, null, null, 12);
INSERT INTO music_db.Album (albumName, albumId, albumDescription, albumImage, labelId) VALUES ('She Wolf', 19, null, null, 12);
INSERT INTO music_db.Album (albumName, albumId, albumDescription, albumImage, labelId) VALUES ('Shakira', 20, null, null, 13);
INSERT INTO music_db.Artist (artistId, artistName, artistDescription) VALUES (1, 'Aqua', null);
INSERT INTO music_db.Artist (artistId, artistName, artistDescription) VALUES (2, 'Eminem', null);
INSERT INTO music_db.Artist (artistId, artistName, artistDescription) VALUES (3, 'Koji Tsukada', null);
INSERT INTO music_db.Artist (artistId, artistName, artistDescription) VALUES (4, 'Kyary Pamyu Pamyu', null);
INSERT INTO music_db.Artist (artistId, artistName, artistDescription) VALUES (5, 'maid boys', null);
INSERT INTO music_db.Artist (artistId, artistName, artistDescription) VALUES (6, 'Nightwish', null);
INSERT INTO music_db.Artist (artistId, artistName, artistDescription) VALUES (7, 'RAM RIDER', null);
INSERT INTO music_db.Artist (artistId, artistName, artistDescription) VALUES (8, 'Shakira', null);
INSERT INTO music_db.Artist (artistId, artistName, artistDescription) VALUES (9, 'ZAKI', null);
INSERT INTO music_db.Artist (artistId, artistName, artistDescription) VALUES (10, 'Tuomas Holopainen', null);
INSERT INTO music_db.Artist (artistId, artistName, artistDescription) VALUES (11, 'Emppu Vuorinen', null);
INSERT INTO music_db.Artist (artistId, artistName, artistDescription) VALUES (12, 'Lene Nystrom', null);
INSERT INTO music_db.ArtistXAlbum (albumId, artistId) VALUES (4, 2);
INSERT INTO music_db.ArtistXAlbum (albumId, artistId) VALUES (5, 2);
INSERT INTO music_db.ArtistXAlbum (albumId, artistId) VALUES (11, 3);
INSERT INTO music_db.ArtistXAlbum (albumId, artistId) VALUES (10, 4);
INSERT INTO music_db.ArtistXAlbum (albumId, artistId) VALUES (15, 5);
INSERT INTO music_db.ArtistXAlbum (albumId, artistId) VALUES (16, 7);
INSERT INTO music_db.ArtistXAlbum (albumId, artistId) VALUES (17, 8);
INSERT INTO music_db.ArtistXAlbum (albumId, artistId) VALUES (18, 8);
INSERT INTO music_db.ArtistXAlbum (albumId, artistId) VALUES (19, 8);
INSERT INTO music_db.ArtistXAlbum (albumId, artistId) VALUES (20, 8);
INSERT INTO music_db.ArtistXAlbum (albumId, artistId) VALUES (13, 9);
INSERT INTO music_db.ArtistXAlbum (albumId, artistId) VALUES (12, 11);
INSERT INTO music_db.ArtistXBand (startDate, endDate, artistId, bandId) VALUES (1997, 1998, 1, 2);
INSERT INTO music_db.ArtistXBand (startDate, endDate, artistId, bandId) VALUES (1999, null, 2, 10);
INSERT INTO music_db.ArtistXBand (startDate, endDate, artistId, bandId) VALUES (2011, null, 3, 10);
INSERT INTO music_db.ArtistXBand (startDate, endDate, artistId, bandId) VALUES (2011, null, 4, 10);
INSERT INTO music_db.ArtistXBand (startDate, endDate, artistId, bandId) VALUES (2011, null, 5, 10);
INSERT INTO music_db.ArtistXBand (startDate, endDate, artistId, bandId) VALUES (1996, 1997, 6, 1);
INSERT INTO music_db.ArtistXBand (startDate, endDate, artistId, bandId) VALUES (2011, null, 7, 10);
INSERT INTO music_db.ArtistXBand (startDate, endDate, artistId, bandId) VALUES (1995, null, 8, 10);
INSERT INTO music_db.ArtistXBand (startDate, endDate, artistId, bandId) VALUES (2011, null, 9, 10);
INSERT INTO music_db.ArtistXBand (startDate, endDate, artistId, bandId) VALUES (1996, 1997, 10, 1);
INSERT INTO music_db.ArtistXBand (startDate, endDate, artistId, bandId) VALUES (2007, null, 11, 10);
INSERT INTO music_db.ArtistXBand (startDate, endDate, artistId, bandId) VALUES (1997, 1998, 12, 2);
INSERT INTO music_db.Band (bandId, bandName) VALUES (1, 'Tuwish');
INSERT INTO music_db.Band (bandId, bandName) VALUES (2, 'Kailash');
INSERT INTO music_db.Band (bandId, bandName) VALUES (10, 'Solo Artist');
INSERT INTO music_db.BandXAlbum (bandId, albumId) VALUES (1, 1);
INSERT INTO music_db.BandXAlbum (bandId, albumId) VALUES (2, 2);
INSERT INTO music_db.Concert (concertId, concertName, concertLocation, concertYear) VALUES (1, 'Coachella', 'Crossgates Mall', 1998);
INSERT INTO music_db.Concert (concertId, concertName, concertLocation, concertYear) VALUES (2, 'EDC', '9:30 club', 1997);
INSERT INTO music_db.Concert (concertId, concertName, concertLocation, concertYear) VALUES (3, 'Ultra', 'Unknown venue', 2015);
INSERT INTO music_db.Concert (concertId, concertName, concertLocation, concertYear) VALUES (4, 'Paradiso', 'The Hi-Fi', 2011);
INSERT INTO music_db.Concert (concertId, concertName, concertLocation, concertYear) VALUES (5, 'Camp Flog Gnaw', 'Palace Theatre', 2010);
INSERT INTO music_db.Concert (concertId, concertName, concertLocation, concertYear) VALUES (6, 'Bumbershoot', 'Pompano Beach Amphitheatre', 2019);
INSERT INTO music_db.Concert (concertId, concertName, concertLocation, concertYear) VALUES (7, 'Pike', 'Pittsburgh, PA', 2018);
INSERT INTO music_db.Concert (concertId, concertName, concertLocation, concertYear) VALUES (8, 'Crssed', 'Artists Square', 2006);
INSERT INTO music_db.Concert (concertId, concertName, concertLocation, concertYear) VALUES (9, 'Que', 'Talking Stick Resort Arena', 2007);
INSERT INTO music_db.Concert (concertId, concertName, concertLocation, concertYear) VALUES (10, 'Palm', 'Selland Arena', 2014);
INSERT INTO music_db.ConcertXLabel (concertId, labelId) VALUES (1, 1);
INSERT INTO music_db.ConcertXLabel (concertId, labelId) VALUES (6, 2);
INSERT INTO music_db.ConcertXLabel (concertId, labelId) VALUES (10, 2);
INSERT INTO music_db.ConcertXLabel (concertId, labelId) VALUES (2, 3);
INSERT INTO music_db.ConcertXLabel (concertId, labelId) VALUES (3, 6);
INSERT INTO music_db.ConcertXLabel (concertId, labelId) VALUES (4, 6);
INSERT INTO music_db.ConcertXLabel (concertId, labelId) VALUES (5, 9);
INSERT INTO music_db.ConcertXLabel (concertId, labelId) VALUES (9, 9);
INSERT INTO music_db.ConcertXLabel (concertId, labelId) VALUES (7, 10);
INSERT INTO music_db.ConcertXLabel (concertId, labelId) VALUES (8, 12);
INSERT INTO music_db.ConcertXSongs (concertId, songId) VALUES (2, 1);
INSERT INTO music_db.ConcertXSongs (concertId, songId) VALUES (7, 1);
INSERT INTO music_db.ConcertXSongs (concertId, songId) VALUES (1, 2);
INSERT INTO music_db.ConcertXSongs (concertId, songId) VALUES (2, 2);
INSERT INTO music_db.ConcertXSongs (concertId, songId) VALUES (9, 2);
INSERT INTO music_db.ConcertXSongs (concertId, songId) VALUES (1, 3);
INSERT INTO music_db.ConcertXSongs (concertId, songId) VALUES (2, 3);
INSERT INTO music_db.ConcertXSongs (concertId, songId) VALUES (4, 3);
INSERT INTO music_db.ConcertXSongs (concertId, songId) VALUES (8, 3);
INSERT INTO music_db.ConcertXSongs (concertId, songId) VALUES (1, 4);
INSERT INTO music_db.ConcertXSongs (concertId, songId) VALUES (4, 4);
INSERT INTO music_db.ConcertXSongs (concertId, songId) VALUES (10, 4);
INSERT INTO music_db.ConcertXSongs (concertId, songId) VALUES (1, 5);
INSERT INTO music_db.ConcertXSongs (concertId, songId) VALUES (1, 6);
INSERT INTO music_db.ConcertXSongs (concertId, songId) VALUES (2, 6);
INSERT INTO music_db.ConcertXSongs (concertId, songId) VALUES (8, 8);
INSERT INTO music_db.ConcertXSongs (concertId, songId) VALUES (5, 10);
INSERT INTO music_db.ConcertXSongs (concertId, songId) VALUES (9, 10);
INSERT INTO music_db.ConcertXSongs (concertId, songId) VALUES (2, 11);
INSERT INTO music_db.ConcertXSongs (concertId, songId) VALUES (3, 11);
INSERT INTO music_db.ConcertXSongs (concertId, songId) VALUES (2, 12);
INSERT INTO music_db.ConcertXSongs (concertId, songId) VALUES (6, 12);
INSERT INTO music_db.ConcertXSongs (concertId, songId) VALUES (6, 22);
INSERT INTO music_db.ConcertXSongs (concertId, songId) VALUES (7, 31);
INSERT INTO music_db.ConcertXSongs (concertId, songId) VALUES (6, 32);
INSERT INTO music_db.ConcertXSongs (concertId, songId) VALUES (7, 40);
INSERT INTO music_db.ConcertXSongs (concertId, songId) VALUES (8, 41);
INSERT INTO music_db.Genre (genreId, genreName, genreDescription) VALUES (1, 'Pop', 'Pop music, often called simply pop, is contemporary music and a common type of popular music.');
INSERT INTO music_db.Genre (genreId, genreName, genreDescription) VALUES (3, 'Bubblegum dance', 'Bubblegum dance is a subgenre of Eurodance music. The genre is characterized by cute lyrics and happy sounds. Bubblegum dance usually has a more pop sound than other Eurodance. The lyrics and style are often light-hearted and are not intended to be taken seriously. ');
INSERT INTO music_db.Genre (genreId, genreName, genreDescription) VALUES (4, 'Hip-Hop/Rap', 'Hip hop, or hip-hop, is the term used to refer to a cultural movement created by African Americans, Caribbean Americans, and Latino Americans in the 1970s. It refers to hip hop music, including rap.');
INSERT INTO music_db.Genre (genreId, genreName, genreDescription) VALUES (5, 'J-Pop', 'J-pop is an abbreviation of Japanese pop. It refers to Western-influenced Japanese popular music. The term J-pop was coined by J-Wave, an FM radio station, to denote what was once called “New Music.” The term is widely used in Japan to describe many different musical genres including pop, rock, dance, rap, and soul.');
INSERT INTO music_db.Genre (genreId, genreName, genreDescription) VALUES (6, 'Electronic', 'Electronic dance music, also known as dance music, club music, or simply dance, is a broad range of percussive electronic music genres made largely for nightclubs, raves and festivals.');
INSERT INTO music_db.Genre (genreId, genreName, genreDescription) VALUES (7, 'World', 'World music (also called global music or international music) is a Western musical category encompassing many different styles of music from other parts of the globe.');
INSERT INTO music_db.Genre (genreId, genreName, genreDescription) VALUES (8, 'Electronica', 'Electronica music is produced using electrical instruments and samples of recorded music or sound. Electronica is a broad term that encompasses subgenres such as downtempo, intelligent dance music, electronic dance music, techno, house, drum and bass, trance among others.');
INSERT INTO music_db.Genre (genreId, genreName, genreDescription) VALUES (9, 'Rock', 'Rock music is a broad genre of popular music that originated as "rock and roll" in the United States in the early 1950s, and developed into a range of different styles in the 1960s and later, particularly in the United States and the United Kingdom.');
INSERT INTO music_db.Genre (genreId, genreName, genreDescription) VALUES (10, 'Metal', 'Heavy metal, genre of rock music that includes a group of related styles that are intense, virtuosic, and powerful. Driven by the aggressive sounds of the distorted electric guitar, heavy metal is arguably the most commercially successful genre of rock music.');
INSERT INTO music_db.Genre (genreId, genreName, genreDescription) VALUES (11, 'Latin Pop', 'Latin pop (Spanish and Portuguese: Pop latino) is a pop music genre that contains sounds or influence from Latin America, but it may also refer to pop music from anywhere in the Spanish-speaking world. Latin pop usually combines upbeat Latin music with American pop music.');
INSERT INTO music_db.Label (labelId, labelName) VALUES (1, 'Geffen Records');
INSERT INTO music_db.Label (labelId, labelName) VALUES (2, 'Universal Music');
INSERT INTO music_db.Label (labelId, labelName) VALUES (3, 'Aftermath Entertainment');
INSERT INTO music_db.Label (labelId, labelName) VALUES (6, 'WARNER MUSIC JAPAN INC.');
INSERT INTO music_db.Label (labelId, labelName) VALUES (8, 'Spin-Farm Oy');
INSERT INTO music_db.Label (labelId, labelName) VALUES (9, 'Nuclear Blast Entertainment');
INSERT INTO music_db.Label (labelId, labelName) VALUES (10, 'Scene Nation Oy');
INSERT INTO music_db.Label (labelId, labelName) VALUES (12, 'Sony Music Entertainment (Colombia) S.A.');
INSERT INTO music_db.Label (labelId, labelName) VALUES (13, 'Ace Entertainment S.ar.l.');
INSERT INTO music_db.Playlist (playlistId, playlistName, playlistDescription) VALUES (1, 'Study', null);
INSERT INTO music_db.Playlist (playlistId, playlistName, playlistDescription) VALUES (2, 'Party', null);
INSERT INTO music_db.Playlist (playlistId, playlistName, playlistDescription) VALUES (3, 'Commute', null);
INSERT INTO music_db.PlaylistXSong (playlistId, songId) VALUES (1, 1);
INSERT INTO music_db.PlaylistXSong (playlistId, songId) VALUES (1, 2);
INSERT INTO music_db.PlaylistXSong (playlistId, songId) VALUES (1, 3);
INSERT INTO music_db.PlaylistXSong (playlistId, songId) VALUES (1, 6);
INSERT INTO music_db.PlaylistXSong (playlistId, songId) VALUES (2, 6);
INSERT INTO music_db.PlaylistXSong (playlistId, songId) VALUES (1, 9);
INSERT INTO music_db.PlaylistXSong (playlistId, songId) VALUES (2, 9);
INSERT INTO music_db.PlaylistXSong (playlistId, songId) VALUES (1, 10);
INSERT INTO music_db.PlaylistXSong (playlistId, songId) VALUES (2, 10);
INSERT INTO music_db.PlaylistXSong (playlistId, songId) VALUES (1, 20);
INSERT INTO music_db.PlaylistXSong (playlistId, songId) VALUES (2, 23);
INSERT INTO music_db.Song (songTitle, songDuration, songLyrics, songId, genreId, albumId) VALUES ('My Oh My', '00:03:24', 'https://genius.com/Aqua-my-oh-my-lyrics', 1, 1, 1);
INSERT INTO music_db.Song (songTitle, songDuration, songLyrics, songId, genreId, albumId) VALUES ('Barbie Girl', '00:02:23', null, 2, 1, 1);
INSERT INTO music_db.Song (songTitle, songDuration, songLyrics, songId, genreId, albumId) VALUES ('Heat of The Night', '00:04:23', null, 3, 1, 1);
INSERT INTO music_db.Song (songTitle, songDuration, songLyrics, songId, genreId, albumId) VALUES ('Freaky Friday', '00:04:23', null, 4, 3, 2);
INSERT INTO music_db.Song (songTitle, songDuration, songLyrics, songId, genreId, albumId) VALUES ('Cartoon Heroes', '00:04:27', null, 5, 3, 2);
INSERT INTO music_db.Song (songTitle, songDuration, songLyrics, songId, genreId, albumId) VALUES ('Halloween', '00:04:29', null, 6, 3, 2);
INSERT INTO music_db.Song (songTitle, songDuration, songLyrics, songId, genreId, albumId) VALUES ('My Name Is', '00:05:29', null, 8, 4, 4);
INSERT INTO music_db.Song (songTitle, songDuration, songLyrics, songId, genreId, albumId) VALUES ('Brain Damage', '00:06:10', null, 9, 4, 4);
INSERT INTO music_db.Song (songTitle, songDuration, songLyrics, songId, genreId, albumId) VALUES ('If I Had', '00:03:10', null, 10, 4, 4);
INSERT INTO music_db.Song (songTitle, songDuration, songLyrics, songId, genreId, albumId) VALUES ('Paul', '00:02:10', null, 11, 4, 5);
INSERT INTO music_db.Song (songTitle, songDuration, songLyrics, songId, genreId, albumId) VALUES ('Who Knew', '00:01:10', null, 12, 4, 5);
INSERT INTO music_db.Song (songTitle, songDuration, songLyrics, songId, genreId, albumId) VALUES ('Remember Me', '00:01:10', 'https://genius.com/Eminem-remember-me-lyrics', 13, 4, 5);
INSERT INTO music_db.Song (songTitle, songDuration, songLyrics, songId, genreId, albumId) VALUES ('Do Do Pi', '00:02:10', null, 15, 5, 10);
INSERT INTO music_db.Song (songTitle, songDuration, songLyrics, songId, genreId, albumId) VALUES ('Explorer', '00:04:10', null, 16, 5, 10);
INSERT INTO music_db.Song (songTitle, songDuration, songLyrics, songId, genreId, albumId) VALUES ('Family Party', '00:02:10', null, 17, 5, null);
INSERT INTO music_db.Song (songTitle, songDuration, songLyrics, songId, genreId, albumId) VALUES ('Mondai Girl', '00:03:10', null, 19, 5, 10);
INSERT INTO music_db.Song (songTitle, songDuration, songLyrics, songId, genreId, albumId) VALUES ('Revival', '00:02:10', null, 20, 5, 11);
INSERT INTO music_db.Song (songTitle, songDuration, songLyrics, songId, genreId, albumId) VALUES ('Candy Candy', '00:02:11', null, 21, 5, 11);
INSERT INTO music_db.Song (songTitle, songDuration, songLyrics, songId, genreId, albumId) VALUES ('Elvenpath', '00:02:11', null, 22, 6, 12);
INSERT INTO music_db.Song (songTitle, songDuration, songLyrics, songId, genreId, albumId) VALUES ('The Carpenter', '00:05:55', null, 23, 6, 12);
INSERT INTO music_db.Song (songTitle, songDuration, songLyrics, songId, genreId, albumId) VALUES ('Tutanhamen', '00:05:32', null, 24, 6, 12);
INSERT INTO music_db.Song (songTitle, songDuration, songLyrics, songId, genreId, albumId) VALUES ('Creek', '00:08:29', null, 25, 7, 13);
INSERT INTO music_db.Song (songTitle, songDuration, songLyrics, songId, genreId, albumId) VALUES ('Nemo', '00:02:29', null, 26, 7, 13);
INSERT INTO music_db.Song (songTitle, songDuration, songLyrics, songId, genreId, albumId) VALUES ('The Siren', '00:01:29', null, 27, 7, null);
INSERT INTO music_db.Song (songTitle, songDuration, songLyrics, songId, genreId, albumId) VALUES ('Eva', '00:04:17', null, 29, 8, 15);
INSERT INTO music_db.Song (songTitle, songDuration, songLyrics, songId, genreId, albumId) VALUES ('Last of the Wilds', '00:04:17', null, 30, 8, 15);
INSERT INTO music_db.Song (songTitle, songDuration, songLyrics, songId, genreId, albumId) VALUES ('Scaretale', '00:02:17', null, 31, 8, 16);
INSERT INTO music_db.Song (songTitle, songDuration, songLyrics, songId, genreId, albumId) VALUES ('Rest Calm', '00:03:17', null, 32, 9, 16);
INSERT INTO music_db.Song (songTitle, songDuration, songLyrics, songId, genreId, albumId) VALUES ('Last Ride of the Day', '00:02:17', null, 33, 9, 16);
INSERT INTO music_db.Song (songTitle, songDuration, songLyrics, songId, genreId, albumId) VALUES ('Estoy Aqui', '00:04:17', null, 34, 10, 17);
INSERT INTO music_db.Song (songTitle, songDuration, songLyrics, songId, genreId, albumId) VALUES ('Veulve', '00:04:17', null, 35, 11, 17);
INSERT INTO music_db.Song (songTitle, songDuration, songLyrics, songId, genreId, albumId) VALUES ('Donde Estas Corazon', '00:04:17', null, 37, 11, 18);
INSERT INTO music_db.Song (songTitle, songDuration, songLyrics, songId, genreId, albumId) VALUES ('Estou Aqui', '00:06:17', null, 38, 11, 18);
INSERT INTO music_db.Song (songTitle, songDuration, songLyrics, songId, genreId, albumId) VALUES ('Un Poco de Amor', '00:02:17', null, 39, 11, 18);
INSERT INTO music_db.Song (songTitle, songDuration, songLyrics, songId, genreId, albumId) VALUES ('Anos Luz', '00:01:17', null, 40, 11, 19);
INSERT INTO music_db.Song (songTitle, songDuration, songLyrics, songId, genreId, albumId) VALUES ('Gypsy', '00:03:09', null, 41, 11, 19);
INSERT INTO music_db.Song (songTitle, songDuration, songLyrics, songId, genreId, albumId) VALUES ('Loba', '00:02:09', null, 42, 11, 19);
INSERT INTO music_db.Song (songTitle, songDuration, songLyrics, songId, genreId, albumId) VALUES ('The One Thing', '00:02:09', null, 44, 11, 20);
INSERT INTO music_db.Song (songTitle, songDuration, songLyrics, songId, genreId, albumId) VALUES ('La La La', '00:01:09', null, 45, 11, 20);
INSERT INTO music_db.Song (songTitle, songDuration, songLyrics, songId, genreId, albumId) VALUES ('Hips Dont Lie', '00:02:09', null, 46, 11, null);
INSERT INTO music_db.SongXArtist (songId, artistId) VALUES (1, 1);
INSERT INTO music_db.SongXArtist (songId, artistId) VALUES (2, 1);
INSERT INTO music_db.SongXArtist (songId, artistId) VALUES (24, 1);
INSERT INTO music_db.SongXArtist (songId, artistId) VALUES (8, 2);
INSERT INTO music_db.SongXArtist (songId, artistId) VALUES (9, 2);
INSERT INTO music_db.SongXArtist (songId, artistId) VALUES (10, 2);
INSERT INTO music_db.SongXArtist (songId, artistId) VALUES (11, 2);
INSERT INTO music_db.SongXArtist (songId, artistId) VALUES (12, 2);
INSERT INTO music_db.SongXArtist (songId, artistId) VALUES (20, 3);
INSERT INTO music_db.SongXArtist (songId, artistId) VALUES (21, 3);
INSERT INTO music_db.SongXArtist (songId, artistId) VALUES (15, 4);
INSERT INTO music_db.SongXArtist (songId, artistId) VALUES (16, 4);
INSERT INTO music_db.SongXArtist (songId, artistId) VALUES (17, 5);
INSERT INTO music_db.SongXArtist (songId, artistId) VALUES (29, 5);
INSERT INTO music_db.SongXArtist (songId, artistId) VALUES (30, 5);
INSERT INTO music_db.SongXArtist (songId, artistId) VALUES (4, 6);
INSERT INTO music_db.SongXArtist (songId, artistId) VALUES (6, 6);
INSERT INTO music_db.SongXArtist (songId, artistId) VALUES (19, 7);
INSERT INTO music_db.SongXArtist (songId, artistId) VALUES (31, 7);
INSERT INTO music_db.SongXArtist (songId, artistId) VALUES (32, 7);
INSERT INTO music_db.SongXArtist (songId, artistId) VALUES (33, 7);
INSERT INTO music_db.SongXArtist (songId, artistId) VALUES (34, 8);
INSERT INTO music_db.SongXArtist (songId, artistId) VALUES (35, 8);
INSERT INTO music_db.SongXArtist (songId, artistId) VALUES (37, 8);
INSERT INTO music_db.SongXArtist (songId, artistId) VALUES (38, 8);
INSERT INTO music_db.SongXArtist (songId, artistId) VALUES (39, 8);
INSERT INTO music_db.SongXArtist (songId, artistId) VALUES (40, 8);
INSERT INTO music_db.SongXArtist (songId, artistId) VALUES (41, 8);
INSERT INTO music_db.SongXArtist (songId, artistId) VALUES (42, 8);
INSERT INTO music_db.SongXArtist (songId, artistId) VALUES (44, 8);
INSERT INTO music_db.SongXArtist (songId, artistId) VALUES (45, 8);
INSERT INTO music_db.SongXArtist (songId, artistId) VALUES (46, 8);
INSERT INTO music_db.SongXArtist (songId, artistId) VALUES (13, 9);
INSERT INTO music_db.SongXArtist (songId, artistId) VALUES (25, 9);
INSERT INTO music_db.SongXArtist (songId, artistId) VALUES (26, 9);
INSERT INTO music_db.SongXArtist (songId, artistId) VALUES (27, 9);
INSERT INTO music_db.SongXArtist (songId, artistId) VALUES (5, 10);
INSERT INTO music_db.SongXArtist (songId, artistId) VALUES (22, 11);
INSERT INTO music_db.SongXArtist (songId, artistId) VALUES (23, 11);
INSERT INTO music_db.SongXArtist (songId, artistId) VALUES (3, 12);
INSERT INTO music_db.concertXArtist (artistId, concertId, mainPerformer, openerPerformer) VALUES (1, 1, 1, 0);
INSERT INTO music_db.concertXArtist (artistId, concertId, mainPerformer, openerPerformer) VALUES (11, 1, 0, 1);
INSERT INTO music_db.concertXArtist (artistId, concertId, mainPerformer, openerPerformer) VALUES (12, 1, 0, 1);
INSERT INTO music_db.concertXArtist (artistId, concertId, mainPerformer, openerPerformer) VALUES (1, 2, 0, 1);
INSERT INTO music_db.concertXArtist (artistId, concertId, mainPerformer, openerPerformer) VALUES (2, 2, 1, 0);
INSERT INTO music_db.concertXArtist (artistId, concertId, mainPerformer, openerPerformer) VALUES (2, 3, 0, 1);
INSERT INTO music_db.concertXArtist (artistId, concertId, mainPerformer, openerPerformer) VALUES (3, 3, 1, 0);
INSERT INTO music_db.concertXArtist (artistId, concertId, mainPerformer, openerPerformer) VALUES (3, 4, 0, 1);
INSERT INTO music_db.concertXArtist (artistId, concertId, mainPerformer, openerPerformer) VALUES (4, 4, 1, 0);
INSERT INTO music_db.concertXArtist (artistId, concertId, mainPerformer, openerPerformer) VALUES (5, 5, 1, 0);
INSERT INTO music_db.concertXArtist (artistId, concertId, mainPerformer, openerPerformer) VALUES (6, 5, 0, 1);
INSERT INTO music_db.concertXArtist (artistId, concertId, mainPerformer, openerPerformer) VALUES (5, 6, 0, 1);
INSERT INTO music_db.concertXArtist (artistId, concertId, mainPerformer, openerPerformer) VALUES (6, 6, 1, 0);
INSERT INTO music_db.concertXArtist (artistId, concertId, mainPerformer, openerPerformer) VALUES (7, 6, 0, 1);
INSERT INTO music_db.concertXArtist (artistId, concertId, mainPerformer, openerPerformer) VALUES (7, 7, 1, 0);
INSERT INTO music_db.concertXArtist (artistId, concertId, mainPerformer, openerPerformer) VALUES (8, 7, 0, 1);
INSERT INTO music_db.concertXArtist (artistId, concertId, mainPerformer, openerPerformer) VALUES (8, 8, 1, 0);
INSERT INTO music_db.concertXArtist (artistId, concertId, mainPerformer, openerPerformer) VALUES (9, 8, 0, 1);
INSERT INTO music_db.concertXArtist (artistId, concertId, mainPerformer, openerPerformer) VALUES (10, 8, 0, 1);
INSERT INTO music_db.concertXArtist (artistId, concertId, mainPerformer, openerPerformer) VALUES (11, 8, 0, 1);
INSERT INTO music_db.concertXArtist (artistId, concertId, mainPerformer, openerPerformer) VALUES (9, 9, 1, 0);
INSERT INTO music_db.concertXArtist (artistId, concertId, mainPerformer, openerPerformer) VALUES (12, 9, 0, 1);
INSERT INTO music_db.concertXArtist (artistId, concertId, mainPerformer, openerPerformer) VALUES (1, 10, 0, 1);
INSERT INTO music_db.concertXArtist (artistId, concertId, mainPerformer, openerPerformer) VALUES (10, 10, 1, 0);